﻿[
  {
    "Id": 1,
    "Name": "Въведение в дигиталния маркетинг",
    "Mode": "Онлайн",
    "Description": "Научете основите на дигиталния маркетинг, включително SEO, PPC и стратегии за социални медии.",
    "DurationInMinutes": 120,
    "CourseDuration": 6,
    "Location": "Отдалечено",
    "StartDate": "2025-01-15T00:00:00",
    "EndDate": "2027-01-15T00:00:00",
    "InstitutionId": "723444b3-9434-4465-9044-f7e04fdcca2f",
    "AverageStarRating": 4,
    "Price": 1900
  },
  {
    "Id": 2,
    "Name": "Уеб разработка за начинаещи",
    "Mode": "Онлайн",
    "Description": "Овладейте основите на HTML, CSS и JavaScript в този курс за начинаещи.",
    "DurationInMinutes": 150,
    "CourseDuration": 8,
    "Location": "Отдалечено",
    "StartDate": "2025-02-01T00:00:00",
    "EndDate": "2028-02-01T00:00:00",
    "InstitutionId": "428bcf46-40f2-47b2-ac4a-a49f570178ad",
    "AverageStarRating": 4.5,
    "Price": 1350
  },
  {
    "Id": 3,
    "Name": "Наука за данни и машинно обучение",
    "Mode": "Онлайн",
    "Description": "Запознайте се с науката за данни и научете алгоритмите на машинното обучение с Python и R.",
    "DurationInMinutes": 180,
    "CourseDuration": 4,
    "Location": "Отдалечено",
    "StartDate": "2025-03-01T00:00:00",
    "EndDate": "2029-03-01T00:00:00",
    "InstitutionId": "3cf3fb4a-235e-4c93-b66f-c1557006e067",
    "AverageStarRating": 4.8,
    "Price": 450
  },
  {
    "Id": 4,
    "Name": "Въведение в изкуствения интелект",
    "Mode": "Онлайн",
    "Description": "Получете основни познания за изкуствения интелект, неговите приложения и как променя индустриите.",
    "DurationInMinutes": 150,
    "CourseDuration": 7,
    "Location": "Отдалечено",
    "StartDate": "2022-04-01T00:00:00",
    "EndDate": "2025-04-01T00:00:00",
    "InstitutionId": "428bcf46-40f2-47b2-ac4a-a49f570178ad",
    "AverageStarRating": 4.7,
    "Price": 1500
  },
  {
    "Id": 5,
    "Name": "Испански за начинаещи",
    "Mode": "Присъствено",
    "Description": "Овладейте основите на испанския език, включително лексика, граматика и разговорни умения в ангажираща и интерактивна среда.",
    "DurationInMinutes": 90,
    "CourseDuration": 9,
    "Location": "България, Бургас, ул. \"Одрин\" 2",
    "Coordinates": "42.505681,27.458591",
    "StartDate": "2025-02-15T00:00:00",
    "EndDate": "2030-02-15T00:00:00",
    "InstitutionId": "fc7c5678-22b4-4650-af6e-4c5f90fa494d",
    "AverageStarRating": 4.6,
    "Price": 2000
  },
  {
    "Id": 6,
    "Name": "Въведение в кулинарните изкуства",
    "Mode": "Присъствено",
    "Description": "Научете основите на кулинарни техники, безопасност в кухнята и представяне на храна в този курс.",
    "DurationInMinutes": 120,
    "CourseDuration": 10,
    "Location": "България, Варна, ул. \"Оборище\" 13А",
    "Coordinates": "43.210532,27.907042",
    "StartDate": "2021-05-01T00:00:00",
    "EndDate": "2023-05-01T00:00:00",
    "InstitutionId": "35e6291c-73f5-48ef-8f3e-5fda2c4ddee1",
    "AverageStarRating": 4.8,
    "Price": 2200
  },
  {
    "Id": 7,
    "Name": "Йога и осъзнатост за начинаещи",
    "Mode": "Присъствено",
    "Description": "Отпуснете се, възстановете и научете практики на осъзнатост заедно с йога пози за начинаещи в този курс.",
    "DurationInMinutes": 90,
    "CourseDuration": 7,
    "Location": "България, Пазарджик, ул. \"Найден Геров\" 6",
    "Coordinates": "42.195356,24.329969",
    "StartDate": "2019-02-25T00:00:00",
    "EndDate": "2025-02-25T00:00:00",
    "InstitutionId": "6a358b17-ffbe-4ac9-8d20-92544e3b739d",
    "AverageStarRating": 4.5,
    "Price": 1000
  },
  {
    "Id": 8,
    "Name": "Майсторство в английския език",
    "Mode": "Присъствено",
    "Description": "Подобрете своите умения в английския език по говорене, слушане, четене и писане чрез практически уроци и упражнения.",
    "DurationInMinutes": 180,
    "CourseDuration": 4,
    "Location": "България, Казанлък, ул. \"Иван Вазов\" 3",
    "Coordinates": "42.61825,25.392292",
    "StartDate": "2025-03-20T00:00:00",
    "EndDate": "2025-12-20T00:00:00",
    "InstitutionId": "fc7c5678-22b4-4650-af6e-4c5f90fa494d",
    "AverageStarRating": 4.7,
    "Price": 900
  },
  {
    "Id": 9,
    "Name": "Основи на изящното изкуство",
    "Mode": "Присъствено",
    "Description": "Изследвайте основите на изящното изкуство, включително скициране, рисуване и скулптиране, в креативна работна среда.",
    "DurationInMinutes": 240,
    "CourseDuration": 17,
    "Location": "България, София, бул. Васил Левски 62",
    "Coordinates": "42.687535,23.328508",
    "StartDate": "2022-04-10T00:00:00",
    "EndDate": "2025-04-10T00:00:00",
    "InstitutionId": "6a358b17-ffbe-4ac9-8d20-92544e3b739d",
    "AverageStarRating": 4.8,
    "Price": 2500
  },
  {
    "Id": 10,
    "Name": "Въведение в вградените системи",
    "Mode": "Онлайн",
    "Description": "Научете принципите на проектиране на вградени системи, микроконтролери и програмиране в реално време в този цялостен курс за начинаещи.",
    "DurationInMinutes": 240,
    "CourseDuration": 9,
    "Location": "Отдалечено",
    "StartDate": "2025-06-01T00:00:00",
    "EndDate": "2031-06-01T00:00:00",
    "InstitutionId": "3cf3fb4a-235e-4c93-b66f-c1557006e067",
    "AverageStarRating": 4.8,
    "Price": 1600
  },
  {
    "Id": 11,
    "Name": "Магистърски курс по интериорен дизайн",
    "Mode": "Присъствено",
    "Description": "Овладейте принципите на интериорния дизайн, планиране на пространство и теория на цветовете с практически проекти.",
    "DurationInMinutes": 180,
    "CourseDuration": 13,
    "Location": "България, София, ул. \"Капитан Андреев\" 29",
    "Coordinates": "42.680441,23.322253",
    "StartDate": "2025-08-05T00:00:00",
    "EndDate": "2025-12-05T00:00:00",
    "InstitutionId": "6a358b17-ffbe-4ac9-8d20-92544e3b739d",
    "AverageStarRating": 4.7,
    "Price": 2200
  },
  {
    "Id": 12,
    "Name": "Основи на музикалната продукция",
    "Mode": "Присъствено",
    "Description": "Научете основите на музикалната продукция, включително запис, смесване и мастеринг, с практически сесии в студио.",
    "DurationInMinutes": 120,
    "CourseDuration": 10,
    "Location": "България, Пловдив, ул. \"Иван Вазов\" 23",
    "Coordinates": "42.139492,24.748373",
    "StartDate": "2023-05-15T00:00:00",
    "EndDate": "2026-05-15T00:00:00",
    "InstitutionId": "6a358b17-ffbe-4ac9-8d20-92544e3b739d",
    "AverageStarRating": 4.8,
    "Price": 2000
  },
  {
    "Id": 13,
    "Name": "Работилница по напреднала математика",
    "Mode": "Присъствено",
    "Description": "Задълбочете своите познания по математическите концепции, включително многомерен калкулус, диференциални уравнения и реални приложения.",
    "DurationInMinutes": 45,
    "CourseDuration": 15,
    "Location": "България, Пловдив, ул. \"Перущица\" 15",
    "Coordinates": "42.140365,24.718849",
    "StartDate": "2023-07-10T00:00:00",
    "EndDate": "2025-07-10T00:00:00",
    "InstitutionId": "fa360a62-9355-474a-824d-aaa85d9fbd65",
    "AverageStarRating": 4.9,
    "Price": 1100
  },
  {
    "Id": 14,
    "Name": "Буткемп по фронтенд уеб разработка",
    "Mode": "Онлайн",
    "Description": "Научете основни технологии за фронтенд като HTML, CSS, JavaScript и React за изграждане на впечатляващи и отзивчиви уеб приложения.",
    "DurationInMinutes": 100,
    "CourseDuration": 8,
    "Location": "Отдалечено",
    "StartDate": "2025-06-15T00:00:00",
    "EndDate": "2027-08-15T00:00:00",
    "InstitutionId": "428bcf46-40f2-47b2-ac4a-a49f570178ad",
    "AverageStarRating": 4.8,
    "Price": 1500
  },
  {
    "Id": 15,
    "Name": "Основи на компютърното инженерство",
    "Mode": "Онлайн",
    "Description": "Изследвайте основните принципи на компютърното инженерство, включително проектиране на хардуер, вградени системи и софтуерна интеграция.",
    "DurationInMinutes": 160,
    "CourseDuration": 12,
    "Location": "Отдалечено",
    "StartDate": "2023-07-20T00:00:00",
    "EndDate": "2025-09-20T00:00:00",
    "InstitutionId": "3cf3fb4a-235e-4c93-b66f-c1557006e067",
    "AverageStarRating": 4.7,
    "Price": 1000
  },
  {
    "Id": 16,
    "Name": "Основи на киберсигурността",
    "Mode": "Присъствено",
    "Description": "Получете практически опит с протоколи за киберсигурност, техники за криптиране, етично хакерство и мрежова сигурност за защита на дигитални активи.",
    "DurationInMinutes": 260,
    "CourseDuration": 11,
    "Location": "България, Пловдив, ул. \"Захари Зограф\" 10",
    "Coordinates": "42.150184,24.760268",
    "StartDate": "2022-07-15T00:00:00",
    "EndDate": "2025-07-15T00:00:00",
    "InstitutionId": "428bcf46-40f2-47b2-ac4a-a49f570178ad",
    "AverageStarRating": 4.8,
    "Price": 1399
  }

]