﻿[
  {
    "Id": 1,
    "Title": "Софтурен разработчик",
    "Description": "Разработване и поддръжка на софтуерни решения.",
    "JobType": "Онлайн",
    "Location": "Отдалечено",
    "CompanyId": "b3693b0c-9c11-48ee-a3be-db37d5439ab0",
    "Position": "Младши разработчик",
    "Requirement": "1+ година опит с C# и .NET",
    "Salary": 12000,
    "AverageStarRating": 4.5
  },
  {
    "Id": 2,
    "Title": "Графичен дизайнер",
    "Description": "Създаване на визуални дизайни за маркетингови материали.",
    "JobType": "Онлайн",
    "Location": "Отдалечено",
    "CompanyId": "b3693b0c-9c11-48ee-a3be-db37d5439ab0",
    "Position": "Старши дизайнер",
    "Requirement": "Производителност с Adobe Suite",
    "Salary": 14500,
    "AverageStarRating": 3.5
  },
  {
    "Id": 3,
    "Title": "Фризьор",
    "Description": "Предоставяне на услуги по стайлинг, подстригване и лечение на коса на клиенти.",
    "JobType": "Присъствено",
    "Location": "България, Карлово, ул. \"Дъбенско шосе\" 2",
    "Coordinates": "42.642328,24.79907",
    "CompanyId": "e0d6328d-f003-4bb1-8daa-21dcf49db469",
    "Position": "Професионален фризьор",
    "Requirement": "Сертифициран козметолог с 2+ години опит.",
    "Salary": 4000,
    "AverageStarRating": 3.2
  },
  {
    "Id": 4,
    "Title": "Автомеханик",
    "Description": "Извършване на инспекции, ремонти и редовна поддръжка на превозни средства.",
    "JobType": "Присъствено",
    "Location": "България, Пловдив, ул. \"Димо Хаджидимов\" 4В",
    "Coordinates": "42.119481,24.730979",
    "CompanyId": "16226cef-b670-447e-99a9-b627cb16ae0b",
    "Position": "Автомобилен техник",
    "Requirement": "Основни механични умения и желание за учене. Не се изисква предишна сертификация.",
    "Salary": 8000,
    "AverageStarRating": 4.3
  },
  {
    "Id": 5,
    "Title": "Дерматолог",
    "Description": "Диагностициране и лечение на кожни заболявания, предоставяне на експертни съвети за грижа за кожата и извършване на дерматологични процедури.",
    "JobType": "Присъствено",
    "Location": "България, Русе, бул. \"Липник\" 8",
    "Coordinates": "42.118114,24.729677",
    "CompanyId": "17585a62-c173-4c68-9e4a-2ba93a419b21",
    "Position": "Сертифициран дерматолог",
    "Requirement": "Медицинска степен със специализация по дерматология. Изисква се валидна медицинска лицензия.",
    "Salary": 12000,
    "AverageStarRating": 4
  },
  {
    "Id": 6,
    "Title": "Учител по математика",
    "Description": "Преподаване на математика на ученици, подготовка на уроци и оценяване на напредъка на учениците.",
    "JobType": "Присъствено",
    "Location": "България, Плевен, ул. \"Иван Вазов\"",
    "Coordinates": "43.412509,24.622857",
    "CompanyId": "596c6add-eaae-4890-8d4d-38aa5a0671bd",
    "Position": "Учител по математика в гимназия",
    "Requirement": "Бакалавърска степен по математика или образование. Преподавателска сертификация се предпочита.",
    "Salary": 5000,
    "AverageStarRating": 2.6
  },
  {
    "Id": 7,
    "Title": "Учител по почистване на училище",
    "Description": "Поддържане на чистотата и реда в училищните тоалетни чрез извършване на рутинни почистващи задачи като метене, миене и дезинфекция на повърхности.",
    "JobType": "Присъствено",
    "Location": "България, Плевен, ул. \"Иван Вазов\"",
    "Coordinates": "43.412509,24.622857",
    "CompanyId": "596c6add-eaae-4890-8d4d-38aa5a0671bd",
    "Position": "Почистващ персонал в тоалетни",
    "Requirement": "Не се изисква опит, но внимание към детайлите и надеждност са от съществено значение.",
    "Salary": 1500,
    "AverageStarRating": 4.1
  },
  {
    "Id": 8,
    "Title": "Барман",
    "Description": "Приготвяне и сервиране на алкохолни и безалкохолни напитки, предоставяне на отлично обслужване на клиенти и поддържане на чистота и организация на бара.",
    "JobType": "Присъствено",
    "Location": "България, Сливен, бул. \"Цар Освободител\" 15А",
    "Coordinates": "42.680454,26.320009",
    "CompanyId": "eb1f5c9f-186b-4a93-a9bd-64a6055c61cd",
    "Position": "Барман",
    "Requirement": "Не се изисква опит, но внимание към детайлите и надеждност са от съществено значение.",
    "Salary": 1500,
    "AverageStarRating": 4.1
  },
  {
    "Id": 9,
    "Title": "Сервитьор",
    "Description": "Предоставяне на отлично обслужване на клиентите чрез приемане на поръчки, сервиране на храна и напитки и осигуряване на удовлетвореността на клиентите.",
    "JobType": "Присъствено",
    "Location": "България, Сливен, бул. \"Цар Освободител\" 15А",
    "Coordinates": "42.680454,26.320009",
    "CompanyId": "eb1f5c9f-186b-4a93-a9bd-64a6055c61cd",
    "Position": "Сервитьор в ресторант",
    "Requirement": "Добри комуникационни умения и приятелско отношение. Не се изисква опит.",
    "Salary": 2000,
    "AverageStarRating": 3.4
  },
  {
    "Id": 10,
    "Title": "Копирайтър",
    "Description": "Писане на ангажиращи статии, блогове и уеб съдържание за клиенти от различни индустрии.",
    "JobType": "Онлайн",
    "Location": "Отдалечено",
    "CompanyId": "7dbc12c7-18ec-4af2-a5b7-877ff0df3faf",
    "Position": "Фриланс писател",
    "Requirement": "Отлични писателски умения и креативност. Портфолио се предпочита.",
    "Salary": 5000,
    "AverageStarRating": 4.9
  },
  {
    "Id": 11,
    "Title": "Видеоредактор",
    "Description": "Редактиране и подобряване на видео съдържание, добавяне на преходи, ефекти и звукови тракове за създаване на висококачествени продукции.",
    "JobType": "Онлайн",
    "Location": "Отдалечено",
    "CompanyId": "7dbc12c7-18ec-4af2-a5b7-877ff0df3faf",
    "Position": "Фриланс видеоредактор",
    "Requirement": "Производителност с видео редакторски софтуер като Adobe Premiere Pro, Final Cut Pro или DaVinci Resolve. Портфолио се изисква.",
    "Salary": 6000,
    "AverageStarRating": 3.7
  },
  {
    "Id": 12,
    "Title": "Стажант по софтуерно разработване",
    "Description": "Помощ при разработване, тестване и отстраняване на грешки в софтуерни приложения под ръководството на старши разработчици.",
    "JobType": "Стаж",
    "Location": "България, Варна, бул. \"8-ми Приморски полк\" 54",
    "Coordinates": "43.207564,27.918225",
    "CompanyId": "b3693b0c-9c11-48ee-a3be-db37d5439ab0",
    "Position": "Стажант разработчик",
    "Requirement": "Записан в програма за компютърни науки или свързана специалност. Основни познания по програмни езици като Python или Java.",
    "Salary": 500,
    "AverageStarRating": 4.1
  },
  {
    "Id": 13,
    "Title": "Стажант графичен дизайнер",
    "Description": "Помощ на дизайнерския екип при създаване на визуални активи, включително графики за социални медии, маркетингови материали и презентации.",
    "JobType": "Стаж",
    "Location": "България, София, ул. \"Мюнхен\" 14",
    "Coordinates": "42.659204,23.414001",
    "CompanyId": "b3693b0c-9c11-48ee-a3be-db37d5439ab0",
    "Position": "Стажант графичен дизайнер",
    "Requirement": "Записан в програма за графичен дизайн или свързана специалност. Производителност с дизайнерски софтуер като Adobe Illustrator и Photoshop се предпочита.",
    "Salary": 700,
    "AverageStarRating": 3.8
  },
  {
    "Id": 14,
    "Title": "Стажант в аптека",
    "Description": "Помощ на фармацевти при разпределяне на лекарства, приготвяне на рецепти, управление на инвентар и предоставяне на обслужване на клиенти под наблюдение.",
    "JobType": "Стаж",
    "Location": "България, Русе, бул. \"Липник\" 8",
    "Coordinates": "43.84582,25.966291",
    "CompanyId": "17585a62-c173-4c68-9e4a-2ba93a419b21",
    "Position": "Стажант фармацевт",
    "Requirement": "Записан в програма за фармацевтика или фармацевтични науки. Добро внимание към детайлите и комуникационни умения.",
    "Salary": 900,
    "AverageStarRating": 3.9
  },
  {
    "Id": 15,
    "Title": "Гинеколог",
    "Description": "Предоставяне на медицинска грижа, свързана с женското здраве, включително диагностика, лечение и профилактика на репродуктивни здравословни проблеми, както и извършване на гинекологични прегледи и процедури.",
    "JobType": "Присъствено",
    "Location": "България, Русе, бул. \"Липник\" 8",
    "Coordinates": "43.84582,25.966291",
    "CompanyId": "17585a62-c173-4c68-9e4a-2ba93a419b21",
    "Position": "Сертифициран гинеколог",
    "Requirement": "Медицинска степен със специализация по гинекология. Изисква се валидна медицинска лицензия.",
    "Salary": 13000,
    "AverageStarRating": 4.1
  }
]
