﻿[
  {
    "Id": 1,
    "Name": "Здравеопазване"
  },
  {
    "Id": 2,
    "Name": "Технологии"
  },
  {
    "Id": 3,
    "Name": "Бизнес и финанси"
  },
  {
    "Id": 4,
    "Name": "Образование"
  },
  {
    "Id": 5,
    "Name": "Творчески изкуства"
  },
  {
    "Id": 6,
    "Name": "Компютърни науки"
  },
  {
    "Id": 7,
    "Name": "Графичен дизайн"
  },
  {
    "Id": 8,
    "Name": "Маркетинг и управление"
  },
  {
    "Id": 9,
    "Name": "Архитектура"
  },
  {
    "Id": 10,
    "Name": "Управление на съоръжения"
  },
  {
    "Id": 11,
    "Name": "Инженерство"
  },
  {
    "Id": 12,
    "Name": "Уеб разработка"
  },
  {
    "Id": 13,
    "Name": "Back-End програмиране"
  },
  {
    "Id": 14,
    "Name": "Front-End програмиране"
  },
  {
    "Id": 15,
    "Name": "Adobe дизайн"
  },
  {
    "Id": 16,
    "Name": "Индустрия за красота и лична грижа"
  },
  {
    "Id": 17,
    "Name": "Услуги"
  },
  {
    "Id": 18,
    "Name": "Здраве и социални грижи"
  },
  {
    "Id": 19,
    "Name": "Автомобилна индустрия"
  },
  {
    "Id": 20,
    "Name": "Механично инженерство"
  },
  {
    "Id": 21,
    "Name": "Транспорт и логистика"
  },
  {
    "Id": 22,
    "Name": "Квалифицирани занаяти"
  },
  {
    "Id": 23,
    "Name": "Устойчивост и зелени технологии"
  },
  {
    "Id": 24,
    "Name": "Медицински специалности"
  },
  {
    "Id": 25,
    "Name": "Естетична дерматология"
  },
  {
    "Id": 26,
    "Name": "Фармация"
  },
  {
    "Id": 27,
    "Name": "STEM образование"
  },
  {
    "Id": 28,
    "Name": "Публичен сектор"
  },
  {
    "Id": 29,
    "Name": "Разработка на учебни програми"
  },
  {
    "Id": 30,
    "Name": "Неправителствено образование"
  },
  {
    "Id": 31,
    "Name": "Почистване и поддръжка"
  },
  {
    "Id": 32,
    "Name": "Обществени услуги"
  },
  {
    "Id": 33,
    "Name": "Екологични услуги"
  },
  {
    "Id": 34,
    "Name": "Образователни услуги"
  },
  {
    "Id": 35,
    "Name": "Хранителни и напиткови услуги"
  },
  {
    "Id": 36,
    "Name": "Обслужване на клиенти"
  },
  {
    "Id": 37,
    "Name": "Управление на събития"
  },
  {
    "Id": 38,
    "Name": "Нощен живот и развлекателна индустрия"
  },
  {
    "Id": 39,
    "Name": "Туризъм и отдих"
  },
  {
    "Id": 40,
    "Name": "Медии и журналистика"
  },
  {
    "Id": 41,
    "Name": "Маркетинг и комуникации"
  },
  {
    "Id": 42,
    "Name": "Цифров маркетинг"
  },
  {
    "Id": 43,
    "Name": "Фрилансинг"
  },
  {
    "Id": 44,
    "Name": "Продукция на филми"
  },
  {
    "Id": 45,
    "Name": "Медии"
  },
  {
    "Id": 46,
    "Name": "Разработка на софтуер"
  },
  {
    "Id": 47,
    "Name": "Сигурност"
  },
  {
    "Id": 48,
    "Name": "Визуални изкуства"
  },
  {
    "Id": 49,
    "Name": "Търговия с лекарства"
  },
  {
    "Id": 50,
    "Name": "Клинични грижи"
  },
  {
    "Id": 51,
    "Name": "Репродуктивно здраве"
  },
  {
    "Id": 52,
    "Name": "Женско здраве"
  },
  {
    "Id": 53,
    "Name": "Козметична хирургия"
  },
  {
    "Id": 54,
    "Name": "СПА и уелнес"
  },
  {
    "Id": 55,
    "Name": "Лични грижи"
  },
  {
    "Id": 56,
    "Name": "Управление на салони"
  },
  {
    "Id": 57,
    "Name": "Козметика и фризьорство"
  },
  {
    "Id": 58,
    "Name": "Математика"
  },
  {
    "Id": 59,
    "Name": "Хотелиерство и ресторантьорство"
  },
  {
    "Id": 60,
    "Name": "Културни изследвания"
  },
  {
    "Id": 61,
    "Name": "Езици и лингвистика"
  },
  {
    "Id": 62,
    "Name": "Готварство"
  },
  {
    "Id": 63,
    "Name": "Физическо възпитание"
  },
  {
    "Id": 64,
    "Name": "Фитнес и лични тренировки"
  },
  {
    "Id": 65,
    "Name": "Аудио инженерство"
  },
  {
    "Id": 66,
    "Name": "Музикална композиция"
  },
  {
    "Id": 67,
    "Name": "Музикални технологии"
  }
]
