﻿[
  {
    "UserId": "e47b8b58-2e3a-4f02-aee5-485d3e6db2b2",
    "SphereId": 60
  },
  {
    "UserId": "e47b8b58-2e3a-4f02-aee5-485d3e6db2b2",
    "SphereId": 61
  },
  {
    "UserId": "e47b8b58-2e3a-4f02-aee5-485d3e6db2b2",
    "SphereId": 2
  },

  {
    "UserId": "9e547484-9ea8-45e6-a488-d657f6f1c598",
    "SphereId": 5
  },
  {
    "UserId": "9e547484-9ea8-45e6-a488-d657f6f1c598",
    "SphereId": 7
  },
  {
    "UserId": "9e547484-9ea8-45e6-a488-d657f6f1c598",
    "SphereId": 11
  },

  {
    "UserId": "e8d223af-7285-41c5-8c38-9e6989d4410d",
    "SphereId": 13
  },
  {
    "UserId": "e8d223af-7285-41c5-8c38-9e6989d4410d",
    "SphereId": 12
  },
  {
    "UserId": "e8d223af-7285-41c5-8c38-9e6989d4410d",
    "SphereId": 15
  },

  {
    "UserId": "d444522c-71c1-4cc9-b815-4ea25a49f17b",
    "SphereId": 35
  },
  {
    "UserId": "d444522c-71c1-4cc9-b815-4ea25a49f17b",
    "SphereId": 38
  },
  {
    "UserId": "d444522c-71c1-4cc9-b815-4ea25a49f17b",
    "SphereId": 40
  },

  {
    "UserId": "b93fa043-cdea-4bd9-9d0b-7b16ee7c5355",
    "SphereId": 58
  },
  {
    "UserId": "b93fa043-cdea-4bd9-9d0b-7b16ee7c5355",
    "SphereId": 59
  },
  {
    "UserId": "b93fa043-cdea-4bd9-9d0b-7b16ee7c5355",
    "SphereId": 60
  },

  {
    "UserId": "7d089603-dc80-415a-913b-f24b1a90b5f1",
    "SphereId": 61
  },
  {
    "UserId": "7d089603-dc80-415a-913b-f24b1a90b5f1",
    "SphereId": 64
  },
  {
    "UserId": "7d089603-dc80-415a-913b-f24b1a90b5f1",
    "SphereId": 66
  },

  {
    "UserId": "ca145762-b5db-4836-b963-85eff67fb124",
    "SphereId": 61
  },
  {
    "UserId": "ca145762-b5db-4836-b963-85eff67fb124",
    "SphereId": 15
  },
  {
    "UserId": "ca145762-b5db-4836-b963-85eff67fb124",
    "SphereId": 52
  },

  {
    "UserId": "8d0c3b82-be4b-4fdf-834a-8e436176d9bd",
    "SphereId": 13
  },
  {
    "UserId": "8d0c3b82-be4b-4fdf-834a-8e436176d9bd",
    "SphereId": 15
  },
  {
    "UserId": "8d0c3b82-be4b-4fdf-834a-8e436176d9bd",
    "SphereId": 62
  }
]
