﻿[
  {
    "Id": "6a358b17-ffbe-4ac9-8d20-92544e3b739d",
    "FirstName": "ArtAcademy",
    "LastName": "OOD",
    "Email": "artacademy@gmail.com",
    "EmailConfirmed": true,
    "PhoneNumberConfirmed": true,
    "TwoFactorEnabled": true,
    "PhoneNumber": "0897902119",
    "UserName": "artacademy123",
    "NormalizedUserName": "ARTACADEMY123",
    "NormalizedEmail": "ARTACADEMY@GMAIL.COM",
    "DateOfBirth": "1994-05-17T00:00:00",
    "Address": "България, Русе, ул. \"Христо Ясенов\" 7"
  },
  {
    "Id": "fc7c5678-22b4-4650-af6e-4c5f90fa494d",
    "FirstName": "GlobalLingua",
    "LastName": "OOD",
    "Email": "globallingua@gmail.com",
    "EmailConfirmed": true,
    "PhoneNumberConfirmed": true,
    "TwoFactorEnabled": true,
    "PhoneNumber": "0897662398",
    "UserName": "globallingua123",
    "NormalizedUserName": "GLOBALLINGUA123",
    "NormalizedEmail": "GLOBALLINGUA@GMAIL.COM",
    "DateOfBirth": "1994-05-17T00:00:00",
    "Address": "България, София, ул. \"Цар Асен\" 112"
  },
  {
    "Id": "723444b3-9434-4465-9044-f7e04fdcca2f",
    "FirstName": "Marketing Academy",
    "LastName": "OOD",
    "Email": "marketingacademy@gmail.com",
    "EmailConfirmed": true,
    "PhoneNumberConfirmed": true,
    "TwoFactorEnabled": true,
    "PhoneNumber": "0877742199",
    "UserName": "marketingacademy123",
    "NormalizedUserName": "MARKETINGACADEMY123",
    "NormalizedEmail": "MARKETINGACADEMY@GMAIL.COM",
    "DateOfBirth": "1990-06-27T00:00:00",
    "Address": "България, София, ул. \"Петър Б. Величков\" 43"
  },
  {
    "Id": "428bcf46-40f2-47b2-ac4a-a49f570178ad",
    "FirstName": "SoftSchool",
    "LastName": "AD",
    "Email": "softschool@gmail.com",
    "EmailConfirmed": true,
    "PhoneNumberConfirmed": true,
    "TwoFactorEnabled": true,
    "PhoneNumber": "0878765781",
    "UserName": "softschool123",
    "NormalizedUserName": "SOFTSCHOOL123",
    "NormalizedEmail": "SOFTSCHOOL@GMAIL.COM",
    "DateOfBirth": "2000-03-02T00:00:00",
    "Address": "България, София, бул. \"Александър Малинов\" 78"
  },
  {
    "Id": "3cf3fb4a-235e-4c93-b66f-c1557006e067",
    "FirstName": "Telerikikus",
    "LastName": "OD",
    "Email": "telerikikus@gmail.com",
    "EmailConfirmed": true,
    "PhoneNumberConfirmed": true,
    "TwoFactorEnabled": true,
    "PhoneNumber": "0898769871",
    "UserName": "telerikikus123",
    "NormalizedUserName": "TELERIKIKUS123",
    "NormalizedEmail": "TELERIKIKUS@GMAIL.COM",
    "DateOfBirth": "1980-06-05T00:00:00",
    "Address": "България, Пловдив, бул. \"Цар Борис 3ти Обединител\""
  },
  {
    "Id": "fa360a62-9355-474a-824d-aaa85d9fbd65",
    "FirstName": "WittMath",
    "LastName": "OOD",
    "Email": "wittmath@gmail.com",
    "EmailConfirmed": true,
    "PhoneNumberConfirmed": true,
    "TwoFactorEnabled": true,
    "PhoneNumber": "0880796431",
    "UserName": "wittmath123",
    "NormalizedUserName": "WITTMATH123",
    "NormalizedEmail": "WITTMATH@GMAIL.COM",
    "DateOfBirth": "2001-07-13T00:00:00",
    "Address": "България, Стара Загора, ул. \"Стефан Стамболов\" 38"
  },
  {
    "Id": "35e6291c-73f5-48ef-8f3e-5fda2c4ddee1",
    "FirstName": "TasteCraft Academy",
    "LastName": "OOD",
    "Email": "tastecraftacademy@gmail.com",
    "EmailConfirmed": true,
    "PhoneNumberConfirmed": true,
    "TwoFactorEnabled": true,
    "PhoneNumber": "0895002619",
    "UserName": "tastecraftacademy123",
    "NormalizedUserName": "TASTECRAFTACADEMY123",
    "NormalizedEmail": "TASTECRAFTACADEMY@GMAIL.COM",
    "DateOfBirth": "1991-03-02T00:00:00",
    "Address": "България, Варна, ул. \"Оборище\" 13А"
  },
  {
    "Id": "e0d6328d-f003-4bb1-8daa-21dcf49db469",
    "FirstName": "Chic Cuts & Styles",
    "LastName": "ET",
    "Email": "chick@gmail.com",
    "EmailConfirmed": true,
    "PhoneNumberConfirmed": true,
    "TwoFactorEnabled": true,
    "PhoneNumber": "0898769871",
    "UserName": "chic123",
    "NormalizedUserName": "CHIC123",
    "NormalizedEmail": "CHIC@GMAIL.COM",
    "DateOfBirth": "2002-08-01T00:00:00",
    "Address": "България, Плевен, ул. \"Васил Петлешков\" 6"
  },
  {
    "Id": "eb1f5c9f-186b-4a93-a9bd-64a6055c61cd",
    "FirstName": "The Urban Grill & Bar",
    "LastName": "ET",
    "Email": "theurbangrillandbar@gmail.com",
    "EmailConfirmed": true,
    "PhoneNumberConfirmed": true,
    "TwoFactorEnabled": true,
    "PhoneNumber": "0878439866",
    "UserName": "theurbangrillandbar123",
    "NormalizedUserName": "THEURBANGRILLANDBAR123",
    "NormalizedEmail": "THEURBANGRILLANDBAR@GMAIL.COM",
    "DateOfBirth": "2003-05-21T00:00:00",
    "Address": "България, Сливен, бул. \"Цар Освободител\" 15А"
  },
  {
    "Id": "7dbc12c7-18ec-4af2-a5b7-877ff0df3faf",
    "FirstName": "Imagination Academy",
    "LastName": "OOD",
    "Email": "imaginationacademy@gmail.com",
    "EmailConfirmed": true,
    "PhoneNumberConfirmed": true,
    "TwoFactorEnabled": true,
    "PhoneNumber": "0878433392",
    "UserName": "imaginationacandemy123",
    "NormalizedUserName": "IMAGINATIONACADEMY123",
    "NormalizedEmail": "IMAGINATIONACADEMY@GMAIL.COM",
    "DateOfBirth": "2006-01-02T00:00:00",
    "Address": "България, Врана, ул. \"Козлодуй\" 4"
  },
  {
    "Id": "17585a62-c173-4c68-9e4a-2ba93a419b21",
    "FirstName": "HealthCare Center",
    "LastName": "OD",
    "Email": "healthcarecentre@gmail.com",
    "EmailConfirmed": true,
    "PhoneNumberConfirmed": true,
    "TwoFactorEnabled": true,
    "PhoneNumber": "0870063844",
    "UserName": "healthcarecentre123",
    "NormalizedUserName": "HEALTHCARECENTRE123",
    "NormalizedEmail": "HEALTHCARECENTRE@GMAIL.COM",
    "DateOfBirth": "1986-04-10T00:00:00",
    "Address": "България, Русе, бул. \"Липник\" 8"
  },
  {
    "Id": "596c6add-eaae-4890-8d4d-38aa5a0671bd",
    "FirstName": "Primary Inovative School",
    "LastName": "ET",
    "Email": "primaryinovativeschool.com",
    "EmailConfirmed": true,
    "PhoneNumberConfirmed": true,
    "TwoFactorEnabled": true,
    "PhoneNumber": "0890811871",
    "UserName": "primaryinovativeschool123",
    "NormalizedUserName": "PRIMARYINOVATIVESCHOOL123",
    "NormalizedEmail": "PRIMARYINOVATIVESCHOOL@GMAIL.COM",
    "DateOfBirth": "1985-05-03T00:00:00",
    "Address": "България, Плевен, ул. \"Иван Вазов\""
  },
  {
    "Id": "16226cef-b670-447e-99a9-b627cb16ae0b",
    "FirstName": "STTuning",
    "LastName": "OOD",
    "Email": "sttuning@gmail.com",
    "EmailConfirmed": true,
    "PhoneNumberConfirmed": true,
    "TwoFactorEnabled": true,
    "PhoneNumber": "0876794891",
    "UserName": "sttuning123",
    "NormalizedUserName": "STTUNING123",
    "NormalizedEmail": "STTUNING@GMAIL.COM",
    "DateOfBirth": "2016-06-05T00:00:00",
    "Address": "Bulgaria, Ruse, ул. \"Rila\" 5"
  },
    {
      "Id": "b3693b0c-9c11-48ee-a3be-db37d5439ab0",
      "FirstName": "CodeCrafters",
      "LastName": "ET",
      "Email": "codecrafters@gmail.com",
      "EmailConfirmed": true,
      "PhoneNumberConfirmed": true,
      "TwoFactorEnabled": true,
      "PhoneNumber": "0877769431",
      "UserName": "codecrafters123",
      "NormalizedUserName": "CODECRAFTERS123",
      "NormalizedEmail": "CODECRAFTERS@GMAIL.COM",
      "DateOfBirth": "1990-09-01T00:00:00",
      "Address": "България, Русе, ул. \"Рила\" 5"
    },
    {
      "Id": "e2041514-c5ce-4e68-8956-f92298aa3b74",
      "FirstName": "Теодора",
      "LastName": "Недкова",
      "Email": "teodoranedkova@gmail.com",
      "EmailConfirmed": true,
      "PhoneNumberConfirmed": true,
      "TwoFactorEnabled": true,
      "PhoneNumber": "0879859335",
      "UserName": "teodoranedkova123",
      "NormalizedUserName": "TEODORANEDKOVA123",
      "NormalizedEmail": "TEODORANEDKOVA@GMAIL.COM",
      "DateOfBirth": "2004-12-13T00:00:00",
      "Address": "България, Казанлък, ул. \"Хемус\" 5"
    },
    {
      "Id": "21b4ac01-42ec-4df2-b48c-ebe1cf26adf0",
      "FirstName": "Стефан",
      "LastName": "Димитров",
      "Email": "stefandimitrov@gmail.com",
      "EmailConfirmed": true,
      "PhoneNumberConfirmed": true,
      "TwoFactorEnabled": true,
      "PhoneNumber": "0890854939",
      "UserName": "stefandimitrov123",
      "NormalizedUserName": "STEFANDIMITROV123",
      "NormalizedEmail": "STEFANDIMITROV@GMAIL.COM",
      "DateOfBirth": "2004-06-13T00:00:00",
      "Address": "България, Казанлък, ул. \"Петко Стайнов\" 6"
    },
    {
      "Id": "e47b8b58-2e3a-4f02-aee5-485d3e6db2b2",
      "FirstName": "Алекс",
      "LastName": "Стефанов",
      "Email": "alexstefanov@gmail.com",
      "EmailConfirmed": true,
      "PhoneNumberConfirmed": true,
      "TwoFactorEnabled": true,
      "PhoneNumber": "0883856039",
      "UserName": "alexstefanov123",
      "NormalizedUserName": "ALEXSTEFANOV123",
      "NormalizedEmail": "ALEXSTEFANOV@GMAIL.COM",
      "DateOfBirth": "2005-05-16T00:00:00",
      "Address": "България, Казанлък, ул. \"Добри Чинтулов\" 5"
    },
    {
      "Id": "9e547484-9ea8-45e6-a488-d657f6f1c598",
      "FirstName": "Моника",
      "LastName": "Петрова",
      "Email": "monikapetrova@gmail.com",
      "EmailConfirmed": true,
      "PhoneNumberConfirmed": true,
      "TwoFactorEnabled": true,
      "PhoneNumber": "0898760394",
      "UserName": "monikapetrova123",
      "NormalizedUserName": "MONIKAPETROVA123",
      "NormalizedEmail": "MONIKAPETROVA@GMAIL.COM",
      "DateOfBirth": "2002-07-06T00:00:00",
      "Address": "България, Казанлък, ул. \"Генерал Гурко\" 4"
    },
    {
      "Id": "e8d223af-7285-41c5-8c38-9e6989d4410d",
      "FirstName": "Илия",
      "LastName": "Миленов",
      "Email": "iliqmilenov@gmail.com",
      "EmailConfirmed": true,
      "PhoneNumberConfirmed": true,
      "TwoFactorEnabled": true,
      "PhoneNumber": "0895068785",
      "UserName": "iliqmilenov123",
      "NormalizedUserName": "ILIQMILENOV123",
      "NormalizedEmail": "ILIQMILENOV@GMAIL.COM",
      "DateOfBirth": "2001-08-02T00:00:00",
      "Address": "България, Казанлък, ул. \"Генерал Стоянов\" 3"
    },
    {
      "Id": "d444522c-71c1-4cc9-b815-4ea25a49f17b",
      "FirstName": "Атанас",
      "LastName": "Гудов",
      "Email": "atanasgudov@gmail.com",
      "EmailConfirmed": true,
      "PhoneNumberConfirmed": true,
      "TwoFactorEnabled": true,
      "PhoneNumber": "0885248739",
      "UserName": "atanasgudov123",
      "NormalizedUserName": "ATANASGUDOV123",
      "NormalizedEmail": "ATANASGUDOV@GMAIL.COM",
      "DateOfBirth": "1998-03-16T00:00:00",
      "Address": "България, Казанлък, ул. \"Георги Сава Раковски\" 7"
    },
    {
      "Id": "b93fa043-cdea-4bd9-9d0b-7b16ee7c5355",
      "FirstName": "Симона",
      "LastName": "Минчева",
      "Email": "simonamincheva@gmail.com",
      "EmailConfirmed": true,
      "PhoneNumberConfirmed": true,
      "TwoFactorEnabled": true,
      "PhoneNumber": "0897448199",
      "UserName": "simonamincheva123",
      "NormalizedUserName": "SIMONAMINCHEVA123",
      "NormalizedEmail": "SIMONAMINCHEVA@GMAIL.COM",
      "DateOfBirth": "1989-08-26T00:00:00",
      "Address": "България, Пловдив, ул. \"Георги Раковски\" 7"
    },
    {
      "Id": "7d089603-dc80-415a-913b-f24b1a90b5f1",
      "FirstName": "Георги",
      "LastName": "Василев",
      "Email": "georgivasilev@gmail.com",
      "EmailConfirmed": true,
      "PhoneNumberConfirmed": true,
      "TwoFactorEnabled": true,
      "PhoneNumber": "0804442391",
      "UserName": "georgivasilev123",
      "NormalizedUserName": "GEORGIVASILEV123",
      "NormalizedEmail": "GEORGIVASILEV@GMAIL.COM",
      "DateOfBirth": "1995-02-25T00:00:00",
      "Address": "България, Плевен, ул. \"Хаджи Димитър\" 10"
    },
    {
      "Id": "ca145762-b5db-4836-b963-85eff67fb124",
      "FirstName": "Krasimir",
      "LastName": "Draganov",
      "Email": "krasimirdraganov@gmail.com",
      "EmailConfirmed": true,
      "PhoneNumberConfirmed": true,
      "TwoFactorEnabled": true,
      "PhoneNumber": "0894555391",
      "UserName": "krasimirdraganov123",
      "NormalizedUserName": "KRASIMIRDRAGANOV123",
      "NormalizedEmail": "KRASIMIRDRAGANOV@GMAIL.COM",
      "DateOfBirth": "1999-08-19T00:00:00",
      "Address": "България, Плевен, ул. \"Христо Ботев\" 4"
    },
    {
      "Id": "8d0c3b82-be4b-4fdf-834a-8e436176d9bd",
      "FirstName": "Светлин",
      "LastName": "Георгиев",
      "Email": "svetlingeorgiev@gmail.com",
      "EmailConfirmed": true,
      "PhoneNumberConfirmed": true,
      "TwoFactorEnabled": true,
      "PhoneNumber": "0894555881",
      "UserName": "svetlingeorgiev123",
      "NormalizedUserName": "SVETLINGEORGIEV123",
      "NormalizedEmail": "SVETLINGEORGIEV@GMAIL.COM",
      "DateOfBirth": "1996-04-20T00:00:00",
      "Address": "България, Плевен, ул. \"Стефан Караджа\" 6"
    }

]